PFID,EmployeeID,Month,EmployerPF,EmployeePF,TotalPF
PF00001,1,2024-04,1800,1800,3600
PF00002,1,2024-05,1800,1800,3600
PF00003,1,2024-06,1800,1800,3600
PF00004,1,2024-07,1800,1800,3600
PF00005,1,2024-08,1800,1800,3600
PF00006,1,2024-09,1800,1800,3600
PF00007,1,2024-10,1800,1800,3600
PF00008,1,2024-11,1800,1800,3600
PF00009,1,2024-12,1800,1800,3600
PF00010,1,2025-01,1800,1800,3600
PF00011,1,2025-02,1800,1800,3600
PF00012,1,2025-03,1800,1800,3600
PF00013,1,2025-04,1800,1800,3600
PF00014,1,2025-05,1800,1800,3600
PF00015,2,2024-04,1800,1800,3600
PF00016,2,2024-05,1800,1800,3600
PF00017,2,2024-06,1800,1800,3600
PF00018,2,2024-07,1800,1800,3600
PF00019,2,2024-08,1800,1800,3600
PF00020,2,2024-09,1800,1800,3600
PF00021,2,2024-10,1800,1800,3600
PF00022,2,2024-11,1800,1800,3600
PF00023,2,2024-12,1800,1800,3600
PF00024,2,2025-01,1800,1800,3600
PF00025,2,2025-02,1800,1800,3600
PF00026,2,2025-03,1800,1800,3600
PF00027,2,2025-04,1800,1800,3600
PF00028,2,2025-05,1800,1800,3600
PF00029,3,2024-04,1800,1800,3600
PF00030,3,2024-05,1800,1800,3600
PF00031,3,2024-06,1800,1800,3600
PF00032,3,2024-07,1800,1800,3600
PF00033,3,2024-08,1800,1800,3600
PF00034,3,2024-09,1800,1800,3600
PF00035,3,2024-10,1800,1800,3600
PF00036,3,2024-11,1800,1800,3600
PF00037,3,2024-12,1800,1800,3600
PF00038,3,2025-01,1800,1800,3600
PF00039,3,2025-02,1800,1800,3600
PF00040,3,2025-03,1800,1800,3600
PF00041,3,2025-04,1800,1800,3600
PF00042,3,2025-05,1800,1800,3600
PF00043,4,2024-04,1800,1800,3600
PF00044,4,2024-05,1800,1800,3600
PF00045,4,2024-06,1800,1800,3600
PF00046,4,2024-07,1800,1800,3600
PF00047,4,2024-08,1800,1800,3600
PF00048,4,2024-09,1800,1800,3600
PF00049,4,2024-10,1800,1800,3600
PF00050,4,2024-11,1800,1800,3600
PF00051,4,2024-12,1800,1800,3600
PF00052,4,2025-01,1800,1800,3600
PF00053,4,2025-02,1800,1800,3600
PF00054,4,2025-03,1800,1800,3600
PF00055,4,2025-04,1800,1800,3600
PF00056,4,2025-05,1800,1800,3600
PF00057,5,2024-04,1800,1800,3600
PF00058,5,2024-05,1800,1800,3600
PF00059,5,2024-06,1800,1800,3600
PF00060,5,2024-07,1800,1800,3600
PF00061,5,2024-08,1800,1800,3600
PF00062,5,2024-09,1800,1800,3600
PF00063,5,2024-10,1800,1800,3600
PF00064,5,2024-11,1800,1800,3600
PF00065,5,2024-12,1800,1800,3600
PF00066,5,2025-01,1800,1800,3600
PF00067,5,2025-02,1800,1800,3600
PF00068,5,2025-03,1800,1800,3600
PF00069,5,2025-04,1800,1800,3600
PF00070,5,2025-05,1800,1800,3600
PF00071,6,2024-04,1800,1800,3600
PF00072,6,2024-05,1800,1800,3600
PF00073,6,2024-06,1800,1800,3600
PF00074,6,2024-07,1800,1800,3600
PF00075,6,2024-08,1800,1800,3600
PF00076,6,2024-09,1800,1800,3600
PF00077,6,2024-10,1800,1800,3600
PF00078,6,2024-11,1800,1800,3600
PF00079,6,2024-12,1800,1800,3600
PF00080,6,2025-01,1800,1800,3600
PF00081,6,2025-02,1800,1800,3600
PF00082,6,2025-03,1800,1800,3600
PF00083,6,2025-04,1800,1800,3600
PF00084,6,2025-05,1800,1800,3600
PF00085,7,2024-04,1800,1800,3600
PF00086,7,2024-05,1800,1800,3600
PF00087,7,2024-06,1800,1800,3600
PF00088,7,2024-07,1800,1800,3600
PF00089,7,2024-08,1800,1800,3600
PF00090,7,2024-09,1800,1800,3600
PF00091,7,2024-10,1800,1800,3600
PF00092,7,2024-11,1800,1800,3600
PF00093,7,2024-12,1800,1800,3600
PF00094,7,2025-01,1800,1800,3600
PF00095,7,2025-02,1800,1800,3600
PF00096,7,2025-03,1800,1800,3600
PF00097,7,2025-04,1800,1800,3600
PF00098,7,2025-05,1800,1800,3600
PF00099,8,2024-04,1800,1800,3600
PF00100,8,2024-05,1800,1800,3600
PF00101,8,2024-06,1800,1800,3600
PF00102,8,2024-07,1800,1800,3600
PF00103,8,2024-08,1800,1800,3600
PF00104,8,2024-09,1800,1800,3600
PF00105,8,2024-10,1800,1800,3600
PF00106,8,2024-11,1800,1800,3600
PF00107,8,2024-12,1800,1800,3600
PF00108,8,2025-01,1800,1800,3600
PF00109,8,2025-02,1800,1800,3600
PF00110,8,2025-03,1800,1800,3600
PF00111,8,2025-04,1800,1800,3600
PF00112,8,2025-05,1800,1800,3600
PF00113,9,2024-04,1800,1800,3600
PF00114,9,2024-05,1800,1800,3600
PF00115,9,2024-06,1800,1800,3600
PF00116,9,2024-07,1800,1800,3600
PF00117,9,2024-08,1800,1800,3600
PF00118,9,2024-09,1800,1800,3600
PF00119,9,2024-10,1800,1800,3600
PF00120,9,2024-11,1800,1800,3600
PF00121,9,2024-12,1800,1800,3600
PF00122,9,2025-01,1800,1800,3600
PF00123,9,2025-02,1800,1800,3600
PF00124,9,2025-03,1800,1800,3600
PF00125,9,2025-04,1800,1800,3600
PF00126,9,2025-05,1800,1800,3600
PF00127,10,2024-04,1800,1800,3600
PF00128,10,2024-05,1800,1800,3600
PF00129,10,2024-06,1800,1800,3600
PF00130,10,2024-07,1800,1800,3600
PF00131,10,2024-08,1800,1800,3600
PF00132,10,2024-09,1800,1800,3600
PF00133,10,2024-10,1800,1800,3600
PF00134,10,2024-11,1800,1800,3600
PF00135,10,2024-12,1800,1800,3600
PF00136,10,2025-01,1800,1800,3600
PF00137,10,2025-02,1800,1800,3600
PF00138,10,2025-03,1800,1800,3600
PF00139,10,2025-04,1800,1800,3600
PF00140,10,2025-05,1800,1800,3600
PF00141,11,2024-04,1800,1800,3600
PF00142,11,2024-05,1800,1800,3600
PF00143,11,2024-06,1800,1800,3600
PF00144,11,2024-07,1800,1800,3600
PF00145,11,2024-08,1800,1800,3600
PF00146,11,2024-09,1800,1800,3600
PF00147,11,2024-10,1800,1800,3600
PF00148,11,2024-11,1800,1800,3600
PF00149,11,2024-12,1800,1800,3600
PF00150,11,2025-01,1800,1800,3600
PF00151,11,2025-02,1800,1800,3600
PF00152,11,2025-03,1800,1800,3600
PF00153,11,2025-04,1800,1800,3600
PF00154,11,2025-05,1800,1800,3600
PF00155,12,2024-04,1800,1800,3600
PF00156,12,2024-05,1800,1800,3600
PF00157,12,2024-06,1800,1800,3600
PF00158,12,2024-07,1800,1800,3600
PF00159,12,2024-08,1800,1800,3600
PF00160,12,2024-09,1800,1800,3600
PF00161,12,2024-10,1800,1800,3600
PF00162,12,2024-11,1800,1800,3600
PF00163,12,2024-12,1800,1800,3600
PF00164,12,2025-01,1800,1800,3600
PF00165,12,2025-02,1800,1800,3600
PF00166,12,2025-03,1800,1800,3600
PF00167,12,2025-04,1800,1800,3600
PF00168,12,2025-05,1800,1800,3600
PF00169,13,2024-04,1800,1800,3600
PF00170,13,2024-05,1800,1800,3600
PF00171,13,2024-06,1800,1800,3600
PF00172,13,2024-07,1800,1800,3600
PF00173,13,2024-08,1800,1800,3600
PF00174,13,2024-09,1800,1800,3600
PF00175,13,2024-10,1800,1800,3600
PF00176,13,2024-11,1800,1800,3600
PF00177,13,2024-12,1800,1800,3600
PF00178,13,2025-01,1800,1800,3600
PF00179,13,2025-02,1800,1800,3600
PF00180,13,2025-03,1800,1800,3600
PF00181,13,2025-04,1800,1800,3600
PF00182,13,2025-05,1800,1800,3600
PF00183,14,2024-04,1800,1800,3600
PF00184,14,2024-05,1800,1800,3600
PF00185,14,2024-06,1800,1800,3600
PF00186,14,2024-07,1800,1800,3600
PF00187,14,2024-08,1800,1800,3600
PF00188,14,2024-09,1800,1800,3600
PF00189,14,2024-10,1800,1800,3600
PF00190,14,2024-11,1800,1800,3600
PF00191,14,2024-12,1800,1800,3600
PF00192,14,2025-01,1800,1800,3600
PF00193,14,2025-02,1800,1800,3600
PF00194,14,2025-03,1800,1800,3600
PF00195,14,2025-04,1800,1800,3600
PF00196,14,2025-05,1800,1800,3600
PF00197,15,2024-04,1800,1800,3600
PF00198,15,2024-05,1800,1800,3600
PF00199,15,2024-06,1800,1800,3600
PF00200,15,2024-07,1800,1800,3600
PF00201,15,2024-08,1800,1800,3600
PF00202,15,2024-09,1800,1800,3600
PF00203,15,2024-10,1800,1800,3600
PF00204,15,2024-11,1800,1800,3600
PF00205,15,2024-12,1800,1800,3600
PF00206,15,2025-01,1800,1800,3600
PF00207,15,2025-02,1800,1800,3600
PF00208,15,2025-03,1800,1800,3600
PF00209,15,2025-04,1800,1800,3600
PF00210,15,2025-05,1800,1800,3600
PF00211,16,2024-04,1800,1800,3600
PF00212,16,2024-05,1800,1800,3600
PF00213,16,2024-06,1800,1800,3600
PF00214,16,2024-07,1800,1800,3600
PF00215,16,2024-08,1800,1800,3600
PF00216,16,2024-09,1800,1800,3600
PF00217,16,2024-10,1800,1800,3600
PF00218,16,2024-11,1800,1800,3600
PF00219,16,2024-12,1800,1800,3600
PF00220,16,2025-01,1800,1800,3600
PF00221,16,2025-02,1800,1800,3600
PF00222,16,2025-03,1800,1800,3600
PF00223,16,2025-04,1800,1800,3600
PF00224,16,2025-05,1800,1800,3600
PF00225,17,2024-04,1800,1800,3600
PF00226,17,2024-05,1800,1800,3600
PF00227,17,2024-06,1800,1800,3600
PF00228,17,2024-07,1800,1800,3600
PF00229,17,2024-08,1800,1800,3600
PF00230,17,2024-09,1800,1800,3600
PF00231,17,2024-10,1800,1800,3600
PF00232,17,2024-11,1800,1800,3600
PF00233,17,2024-12,1800,1800,3600
PF00234,17,2025-01,1800,1800,3600
PF00235,17,2025-02,1800,1800,3600
PF00236,17,2025-03,1800,1800,3600
PF00237,17,2025-04,1800,1800,3600
PF00238,17,2025-05,1800,1800,3600
PF00239,18,2024-04,1800,1800,3600
PF00240,18,2024-05,1800,1800,3600
PF00241,18,2024-06,1800,1800,3600
PF00242,18,2024-07,1800,1800,3600
PF00243,18,2024-08,1800,1800,3600
PF00244,18,2024-09,1800,1800,3600
PF00245,18,2024-10,1800,1800,3600
PF00246,18,2024-11,1800,1800,3600
PF00247,18,2024-12,1800,1800,3600
PF00248,18,2025-01,1800,1800,3600
PF00249,18,2025-02,1800,1800,3600
PF00250,18,2025-03,1800,1800,3600
PF00251,18,2025-04,1800,1800,3600
PF00252,18,2025-05,1800,1800,3600
PF00253,19,2024-04,1800,1800,3600
PF00254,19,2024-05,1800,1800,3600
PF00255,19,2024-06,1800,1800,3600
PF00256,19,2024-07,1800,1800,3600
PF00257,19,2024-08,1800,1800,3600
PF00258,19,2024-09,1800,1800,3600
PF00259,19,2024-10,1800,1800,3600
PF00260,19,2024-11,1800,1800,3600
PF00261,19,2024-12,1800,1800,3600
PF00262,19,2025-01,1800,1800,3600
PF00263,19,2025-02,1800,1800,3600
PF00264,19,2025-03,1800,1800,3600
PF00265,19,2025-04,1800,1800,3600
PF00266,19,2025-05,1800,1800,3600
PF00267,20,2024-04,1800,1800,3600
PF00268,20,2024-05,1800,1800,3600
PF00269,20,2024-06,1800,1800,3600
PF00270,20,2024-07,1800,1800,3600
PF00271,20,2024-08,1800,1800,3600
PF00272,20,2024-09,1800,1800,3600
PF00273,20,2024-10,1800,1800,3600
PF00274,20,2024-11,1800,1800,3600
PF00275,20,2024-12,1800,1800,3600
PF00276,20,2025-01,1800,1800,3600
PF00277,20,2025-02,1800,1800,3600
PF00278,20,2025-03,1800,1800,3600
PF00279,20,2025-04,1800,1800,3600
PF00280,20,2025-05,1800,1800,3600
PF00281,21,2024-04,1800,1800,3600
PF00282,21,2024-05,1800,1800,3600
PF00283,21,2024-06,1800,1800,3600
PF00284,21,2024-07,1800,1800,3600
PF00285,21,2024-08,1800,1800,3600
PF00286,21,2024-09,1800,1800,3600
PF00287,21,2024-10,1800,1800,3600
PF00288,21,2024-11,1800,1800,3600
PF00289,21,2024-12,1800,1800,3600
PF00290,21,2025-01,1800,1800,3600
PF00291,21,2025-02,1800,1800,3600
PF00292,21,2025-03,1800,1800,3600
PF00293,21,2025-04,1800,1800,3600
PF00294,21,2025-05,1800,1800,3600
PF00295,22,2024-04,1800,1800,3600
PF00296,22,2024-05,1800,1800,3600
PF00297,22,2024-06,1800,1800,3600
PF00298,22,2024-07,1800,1800,3600
PF00299,22,2024-08,1800,1800,3600
PF00300,22,2024-09,1800,1800,3600
PF00301,22,2024-10,1800,1800,3600
PF00302,22,2024-11,1800,1800,3600
PF00303,22,2024-12,1800,1800,3600
PF00304,22,2025-01,1800,1800,3600
PF00305,22,2025-02,1800,1800,3600
PF00306,22,2025-03,1800,1800,3600
PF00307,22,2025-04,1800,1800,3600
PF00308,22,2025-05,1800,1800,3600
PF00309,23,2024-04,1800,1800,3600
PF00310,23,2024-05,1800,1800,3600
PF00311,23,2024-06,1800,1800,3600
PF00312,23,2024-07,1800,1800,3600
PF00313,23,2024-08,1800,1800,3600
PF00314,23,2024-09,1800,1800,3600
PF00315,23,2024-10,1800,1800,3600
PF00316,23,2024-11,1800,1800,3600
PF00317,23,2024-12,1800,1800,3600
PF00318,23,2025-01,1800,1800,3600
PF00319,23,2025-02,1800,1800,3600
PF00320,23,2025-03,1800,1800,3600
PF00321,23,2025-04,1800,1800,3600
PF00322,23,2025-05,1800,1800,3600
PF00323,24,2024-04,1800,1800,3600
PF00324,24,2024-05,1800,1800,3600
PF00325,24,2024-06,1800,1800,3600
PF00326,24,2024-07,1800,1800,3600
PF00327,24,2024-08,1800,1800,3600
PF00328,24,2024-09,1800,1800,3600
PF00329,24,2024-10,1800,1800,3600
PF00330,24,2024-11,1800,1800,3600
PF00331,24,2024-12,1800,1800,3600
PF00332,24,2025-01,1800,1800,3600
PF00333,24,2025-02,1800,1800,3600
PF00334,24,2025-03,1800,1800,3600
PF00335,24,2025-04,1800,1800,3600
PF00336,24,2025-05,1800,1800,3600
PF00337,25,2024-04,1800,1800,3600
PF00338,25,2024-05,1800,1800,3600
PF00339,25,2024-06,1800,1800,3600
PF00340,25,2024-07,1800,1800,3600
PF00341,25,2024-08,1800,1800,3600
PF00342,25,2024-09,1800,1800,3600
PF00343,25,2024-10,1800,1800,3600
PF00344,25,2024-11,1800,1800,3600
PF00345,25,2024-12,1800,1800,3600
PF00346,25,2025-01,1800,1800,3600
PF00347,25,2025-02,1800,1800,3600
PF00348,25,2025-03,1800,1800,3600
PF00349,25,2025-04,1800,1800,3600
PF00350,25,2025-05,1800,1800,3600
PF00351,26,2024-04,1800,1800,3600
PF00352,26,2024-05,1800,1800,3600
PF00353,26,2024-06,1800,1800,3600
PF00354,26,2024-07,1800,1800,3600
PF00355,26,2024-08,1800,1800,3600
PF00356,26,2024-09,1800,1800,3600
PF00357,26,2024-10,1800,1800,3600
PF00358,26,2024-11,1800,1800,3600
PF00359,26,2024-12,1800,1800,3600
PF00360,26,2025-01,1800,1800,3600
PF00361,26,2025-02,1800,1800,3600
PF00362,26,2025-03,1800,1800,3600
PF00363,26,2025-04,1800,1800,3600
PF00364,26,2025-05,1800,1800,3600
PF00365,27,2024-04,1800,1800,3600
PF00366,27,2024-05,1800,1800,3600
PF00367,27,2024-06,1800,1800,3600
PF00368,27,2024-07,1800,1800,3600
PF00369,27,2024-08,1800,1800,3600
PF00370,27,2024-09,1800,1800,3600
PF00371,27,2024-10,1800,1800,3600
PF00372,27,2024-11,1800,1800,3600
PF00373,27,2024-12,1800,1800,3600
PF00374,27,2025-01,1800,1800,3600
PF00375,27,2025-02,1800,1800,3600
PF00376,27,2025-03,1800,1800,3600
PF00377,27,2025-04,1800,1800,3600
PF00378,27,2025-05,1800,1800,3600
PF00379,28,2024-04,1800,1800,3600
PF00380,28,2024-05,1800,1800,3600
PF00381,28,2024-06,1800,1800,3600
PF00382,28,2024-07,1800,1800,3600
PF00383,28,2024-08,1800,1800,3600
PF00384,28,2024-09,1800,1800,3600
PF00385,28,2024-10,1800,1800,3600
PF00386,28,2024-11,1800,1800,3600
PF00387,28,2024-12,1800,1800,3600
PF00388,28,2025-01,1800,1800,3600
PF00389,28,2025-02,1800,1800,3600
PF00390,28,2025-03,1800,1800,3600
PF00391,28,2025-04,1800,1800,3600
PF00392,28,2025-05,1800,1800,3600
PF00393,29,2024-04,1800,1800,3600
PF00394,29,2024-05,1800,1800,3600
PF00395,29,2024-06,1800,1800,3600
PF00396,29,2024-07,1800,1800,3600
PF00397,29,2024-08,1800,1800,3600
PF00398,29,2024-09,1800,1800,3600
PF00399,29,2024-10,1800,1800,3600
PF00400,29,2024-11,1800,1800,3600
PF00401,29,2024-12,1800,1800,3600
PF00402,29,2025-01,1800,1800,3600
PF00403,29,2025-02,1800,1800,3600
PF00404,29,2025-03,1800,1800,3600
PF00405,29,2025-04,1800,1800,3600
PF00406,29,2025-05,1800,1800,3600
PF00407,30,2024-04,1800,1800,3600
PF00408,30,2024-05,1800,1800,3600
PF00409,30,2024-06,1800,1800,3600
PF00410,30,2024-07,1800,1800,3600
PF00411,30,2024-08,1800,1800,3600
PF00412,30,2024-09,1800,1800,3600
PF00413,30,2024-10,1800,1800,3600
PF00414,30,2024-11,1800,1800,3600
PF00415,30,2024-12,1800,1800,3600
PF00416,30,2025-01,1800,1800,3600
PF00417,30,2025-02,1800,1800,3600
PF00418,30,2025-03,1800,1800,3600
PF00419,30,2025-04,1800,1800,3600
PF00420,30,2025-05,1800,1800,3600
PF00421,31,2024-04,1800,1800,3600
PF00422,31,2024-05,1800,1800,3600
PF00423,31,2024-06,1800,1800,3600
PF00424,31,2024-07,1800,1800,3600
PF00425,31,2024-08,1800,1800,3600
PF00426,31,2024-09,1800,1800,3600
PF00427,31,2024-10,1800,1800,3600
PF00428,31,2024-11,1800,1800,3600
PF00429,31,2024-12,1800,1800,3600
PF00430,31,2025-01,1800,1800,3600
PF00431,31,2025-02,1800,1800,3600
PF00432,31,2025-03,1800,1800,3600
PF00433,31,2025-04,1800,1800,3600
PF00434,31,2025-05,1800,1800,3600
PF00435,32,2024-04,1800,1800,3600
PF00436,32,2024-05,1800,1800,3600
PF00437,32,2024-06,1800,1800,3600
PF00438,32,2024-07,1800,1800,3600
PF00439,32,2024-08,1800,1800,3600
PF00440,32,2024-09,1800,1800,3600
PF00441,32,2024-10,1800,1800,3600
PF00442,32,2024-11,1800,1800,3600
PF00443,32,2024-12,1800,1800,3600
PF00444,32,2025-01,1800,1800,3600
PF00445,32,2025-02,1800,1800,3600
PF00446,32,2025-03,1800,1800,3600
PF00447,32,2025-04,1800,1800,3600
PF00448,32,2025-05,1800,1800,3600
PF00449,33,2024-04,1800,1800,3600
PF00450,33,2024-05,1800,1800,3600
PF00451,33,2024-06,1800,1800,3600
PF00452,33,2024-07,1800,1800,3600
PF00453,33,2024-08,1800,1800,3600
PF00454,33,2024-09,1800,1800,3600
PF00455,33,2024-10,1800,1800,3600
PF00456,33,2024-11,1800,1800,3600
PF00457,33,2024-12,1800,1800,3600
PF00458,33,2025-01,1800,1800,3600
PF00459,33,2025-02,1800,1800,3600
PF00460,33,2025-03,1800,1800,3600
PF00461,33,2025-04,1800,1800,3600
PF00462,33,2025-05,1800,1800,3600
PF00463,34,2024-04,1800,1800,3600
PF00464,34,2024-05,1800,1800,3600
PF00465,34,2024-06,1800,1800,3600
PF00466,34,2024-07,1800,1800,3600
PF00467,34,2024-08,1800,1800,3600
PF00468,34,2024-09,1800,1800,3600
PF00469,34,2024-10,1800,1800,3600
PF00470,34,2024-11,1800,1800,3600
PF00471,34,2024-12,1800,1800,3600
PF00472,34,2025-01,1800,1800,3600
PF00473,34,2025-02,1800,1800,3600
PF00474,34,2025-03,1800,1800,3600
PF00475,34,2025-04,1800,1800,3600
PF00476,34,2025-05,1800,1800,3600
PF00477,35,2024-04,1800,1800,3600
PF00478,35,2024-05,1800,1800,3600
PF00479,35,2024-06,1800,1800,3600
PF00480,35,2024-07,1800,1800,3600
PF00481,35,2024-08,1800,1800,3600
PF00482,35,2024-09,1800,1800,3600
PF00483,35,2024-10,1800,1800,3600
PF00484,35,2024-11,1800,1800,3600
PF00485,35,2024-12,1800,1800,3600
PF00486,35,2025-01,1800,1800,3600
PF00487,35,2025-02,1800,1800,3600
PF00488,35,2025-03,1800,1800,3600
PF00489,35,2025-04,1800,1800,3600
PF00490,35,2025-05,1800,1800,3600
PF00491,36,2024-04,1800,1800,3600
PF00492,36,2024-05,1800,1800,3600
PF00493,36,2024-06,1800,1800,3600
PF00494,36,2024-07,1800,1800,3600
PF00495,36,2024-08,1800,1800,3600
PF00496,36,2024-09,1800,1800,3600
PF00497,36,2024-10,1800,1800,3600
PF00498,36,2024-11,1800,1800,3600
PF00499,36,2024-12,1800,1800,3600
PF00500,36,2025-01,1800,1800,3600
PF00501,36,2025-02,1800,1800,3600
PF00502,36,2025-03,1800,1800,3600
PF00503,36,2025-04,1800,1800,3600
PF00504,36,2025-05,1800,1800,3600
PF00505,37,2024-04,1800,1800,3600
PF00506,37,2024-05,1800,1800,3600
PF00507,37,2024-06,1800,1800,3600
PF00508,37,2024-07,1800,1800,3600
PF00509,37,2024-08,1800,1800,3600
PF00510,37,2024-09,1800,1800,3600
PF00511,37,2024-10,1800,1800,3600
PF00512,37,2024-11,1800,1800,3600
PF00513,37,2024-12,1800,1800,3600
PF00514,37,2025-01,1800,1800,3600
PF00515,37,2025-02,1800,1800,3600
PF00516,37,2025-03,1800,1800,3600
PF00517,37,2025-04,1800,1800,3600
PF00518,37,2025-05,1800,1800,3600
PF00519,38,2024-04,1800,1800,3600
PF00520,38,2024-05,1800,1800,3600
PF00521,38,2024-06,1800,1800,3600
PF00522,38,2024-07,1800,1800,3600
PF00523,38,2024-08,1800,1800,3600
PF00524,38,2024-09,1800,1800,3600
PF00525,38,2024-10,1800,1800,3600
PF00526,38,2024-11,1800,1800,3600
PF00527,38,2024-12,1800,1800,3600
PF00528,38,2025-01,1800,1800,3600
PF00529,38,2025-02,1800,1800,3600
PF00530,38,2025-03,1800,1800,3600
PF00531,38,2025-04,1800,1800,3600
PF00532,38,2025-05,1800,1800,3600
PF00533,39,2024-04,1800,1800,3600
PF00534,39,2024-05,1800,1800,3600
PF00535,39,2024-06,1800,1800,3600
PF00536,39,2024-07,1800,1800,3600
PF00537,39,2024-08,1800,1800,3600
PF00538,39,2024-09,1800,1800,3600
PF00539,39,2024-10,1800,1800,3600
PF00540,39,2024-11,1800,1800,3600
PF00541,39,2024-12,1800,1800,3600
PF00542,39,2025-01,1800,1800,3600
PF00543,39,2025-02,1800,1800,3600
PF00544,39,2025-03,1800,1800,3600
PF00545,39,2025-04,1800,1800,3600
PF00546,39,2025-05,1800,1800,3600
PF00547,40,2024-04,1800,1800,3600
PF00548,40,2024-05,1800,1800,3600
PF00549,40,2024-06,1800,1800,3600
PF00550,40,2024-07,1800,1800,3600
PF00551,40,2024-08,1800,1800,3600
PF00552,40,2024-09,1800,1800,3600
PF00553,40,2024-10,1800,1800,3600
PF00554,40,2024-11,1800,1800,3600
PF00555,40,2024-12,1800,1800,3600
PF00556,40,2025-01,1800,1800,3600
PF00557,40,2025-02,1800,1800,3600
PF00558,40,2025-03,1800,1800,3600
PF00559,40,2025-04,1800,1800,3600
PF00560,40,2025-05,1800,1800,3600
PF00561,41,2024-04,1800,1800,3600
PF00562,41,2024-05,1800,1800,3600
PF00563,41,2024-06,1800,1800,3600
PF00564,41,2024-07,1800,1800,3600
PF00565,41,2024-08,1800,1800,3600
PF00566,41,2024-09,1800,1800,3600
PF00567,41,2024-10,1800,1800,3600
PF00568,41,2024-11,1800,1800,3600
PF00569,41,2024-12,1800,1800,3600
PF00570,41,2025-01,1800,1800,3600
PF00571,41,2025-02,1800,1800,3600
PF00572,41,2025-03,1800,1800,3600
PF00573,41,2025-04,1800,1800,3600
PF00574,41,2025-05,1800,1800,3600
PF00575,42,2024-04,1800,1800,3600
PF00576,42,2024-05,1800,1800,3600
PF00577,42,2024-06,1800,1800,3600
PF00578,42,2024-07,1800,1800,3600
PF00579,42,2024-08,1800,1800,3600
PF00580,42,2024-09,1800,1800,3600
PF00581,42,2024-10,1800,1800,3600
PF00582,42,2024-11,1800,1800,3600
PF00583,42,2024-12,1800,1800,3600
PF00584,42,2025-01,1800,1800,3600
PF00585,42,2025-02,1800,1800,3600
PF00586,42,2025-03,1800,1800,3600
PF00587,42,2025-04,1800,1800,3600
PF00588,42,2025-05,1800,1800,3600
PF00589,43,2024-04,1800,1800,3600
PF00590,43,2024-05,1800,1800,3600
PF00591,43,2024-06,1800,1800,3600
PF00592,43,2024-07,1800,1800,3600
PF00593,43,2024-08,1800,1800,3600
PF00594,43,2024-09,1800,1800,3600
PF00595,43,2024-10,1800,1800,3600
PF00596,43,2024-11,1800,1800,3600
PF00597,43,2024-12,1800,1800,3600
PF00598,43,2025-01,1800,1800,3600
PF00599,43,2025-02,1800,1800,3600
PF00600,43,2025-03,1800,1800,3600
PF00601,43,2025-04,1800,1800,3600
PF00602,43,2025-05,1800,1800,3600
PF00603,44,2024-04,1800,1800,3600
PF00604,44,2024-05,1800,1800,3600
PF00605,44,2024-06,1800,1800,3600
PF00606,44,2024-07,1800,1800,3600
PF00607,44,2024-08,1800,1800,3600
PF00608,44,2024-09,1800,1800,3600
PF00609,44,2024-10,1800,1800,3600
PF00610,44,2024-11,1800,1800,3600
PF00611,44,2024-12,1800,1800,3600
PF00612,44,2025-01,1800,1800,3600
PF00613,44,2025-02,1800,1800,3600
PF00614,44,2025-03,1800,1800,3600
PF00615,44,2025-04,1800,1800,3600
PF00616,44,2025-05,1800,1800,3600
PF00617,45,2024-04,1800,1800,3600
PF00618,45,2024-05,1800,1800,3600
PF00619,45,2024-06,1800,1800,3600
PF00620,45,2024-07,1800,1800,3600
PF00621,45,2024-08,1800,1800,3600
PF00622,45,2024-09,1800,1800,3600
PF00623,45,2024-10,1800,1800,3600
PF00624,45,2024-11,1800,1800,3600
PF00625,45,2024-12,1800,1800,3600
PF00626,45,2025-01,1800,1800,3600
PF00627,45,2025-02,1800,1800,3600
PF00628,45,2025-03,1800,1800,3600
PF00629,45,2025-04,1800,1800,3600
PF00630,45,2025-05,1800,1800,3600
PF00631,46,2024-04,1800,1800,3600
PF00632,46,2024-05,1800,1800,3600
PF00633,46,2024-06,1800,1800,3600
PF00634,46,2024-07,1800,1800,3600
PF00635,46,2024-08,1800,1800,3600
PF00636,46,2024-09,1800,1800,3600
PF00637,46,2024-10,1800,1800,3600
PF00638,46,2024-11,1800,1800,3600
PF00639,46,2024-12,1800,1800,3600
PF00640,46,2025-01,1800,1800,3600
PF00641,46,2025-02,1800,1800,3600
PF00642,46,2025-03,1800,1800,3600
PF00643,46,2025-04,1800,1800,3600
PF00644,46,2025-05,1800,1800,3600
PF00645,47,2024-04,1800,1800,3600
PF00646,47,2024-05,1800,1800,3600
PF00647,47,2024-06,1800,1800,3600
PF00648,47,2024-07,1800,1800,3600
PF00649,47,2024-08,1800,1800,3600
PF00650,47,2024-09,1800,1800,3600
PF00651,47,2024-10,1800,1800,3600
PF00652,47,2024-11,1800,1800,3600
PF00653,47,2024-12,1800,1800,3600
PF00654,47,2025-01,1800,1800,3600
PF00655,47,2025-02,1800,1800,3600
PF00656,47,2025-03,1800,1800,3600
PF00657,47,2025-04,1800,1800,3600
PF00658,47,2025-05,1800,1800,3600
PF00659,48,2024-04,1800,1800,3600
PF00660,48,2024-05,1800,1800,3600
PF00661,48,2024-06,1800,1800,3600
PF00662,48,2024-07,1800,1800,3600
PF00663,48,2024-08,1800,1800,3600
PF00664,48,2024-09,1800,1800,3600
PF00665,48,2024-10,1800,1800,3600
PF00666,48,2024-11,1800,1800,3600
PF00667,48,2024-12,1800,1800,3600
PF00668,48,2025-01,1800,1800,3600
PF00669,48,2025-02,1800,1800,3600
PF00670,48,2025-03,1800,1800,3600
PF00671,48,2025-04,1800,1800,3600
PF00672,48,2025-05,1800,1800,3600
PF00673,49,2024-04,1800,1800,3600
PF00674,49,2024-05,1800,1800,3600
PF00675,49,2024-06,1800,1800,3600
PF00676,49,2024-07,1800,1800,3600
PF00677,49,2024-08,1800,1800,3600
PF00678,49,2024-09,1800,1800,3600
PF00679,49,2024-10,1800,1800,3600
PF00680,49,2024-11,1800,1800,3600
PF00681,49,2024-12,1800,1800,3600
PF00682,49,2025-01,1800,1800,3600
PF00683,49,2025-02,1800,1800,3600
PF00684,49,2025-03,1800,1800,3600
PF00685,49,2025-04,1800,1800,3600
PF00686,49,2025-05,1800,1800,3600
PF00687,50,2024-04,1800,1800,3600
PF00688,50,2024-05,1800,1800,3600
PF00689,50,2024-06,1800,1800,3600
PF00690,50,2024-07,1800,1800,3600
PF00691,50,2024-08,1800,1800,3600
PF00692,50,2024-09,1800,1800,3600
PF00693,50,2024-10,1800,1800,3600
PF00694,50,2024-11,1800,1800,3600
PF00695,50,2024-12,1800,1800,3600
PF00696,50,2025-01,1800,1800,3600
PF00697,50,2025-02,1800,1800,3600
PF00698,50,2025-03,1800,1800,3600
PF00699,50,2025-04,1800,1800,3600
PF00700,50,2025-05,1800,1800,3600
PF00701,51,2024-04,1800,1800,3600
PF00702,51,2024-05,1800,1800,3600
PF00703,51,2024-06,1800,1800,3600
PF00704,51,2024-07,1800,1800,3600
PF00705,51,2024-08,1800,1800,3600
PF00706,51,2024-09,1800,1800,3600
PF00707,51,2024-10,1800,1800,3600
PF00708,51,2024-11,1800,1800,3600
PF00709,51,2024-12,1800,1800,3600
PF00710,51,2025-01,1800,1800,3600
PF00711,51,2025-02,1800,1800,3600
PF00712,51,2025-03,1800,1800,3600
PF00713,51,2025-04,1800,1800,3600
PF00714,51,2025-05,1800,1800,3600
PF00715,52,2024-04,1800,1800,3600
PF00716,52,2024-05,1800,1800,3600
PF00717,52,2024-06,1800,1800,3600
PF00718,52,2024-07,1800,1800,3600
PF00719,52,2024-08,1800,1800,3600
PF00720,52,2024-09,1800,1800,3600
PF00721,52,2024-10,1800,1800,3600
PF00722,52,2024-11,1800,1800,3600
PF00723,52,2024-12,1800,1800,3600
PF00724,52,2025-01,1800,1800,3600
PF00725,52,2025-02,1800,1800,3600
PF00726,52,2025-03,1800,1800,3600
PF00727,52,2025-04,1800,1800,3600
PF00728,52,2025-05,1800,1800,3600
PF00729,53,2024-04,1800,1800,3600
PF00730,53,2024-05,1800,1800,3600
PF00731,53,2024-06,1800,1800,3600
PF00732,53,2024-07,1800,1800,3600
PF00733,53,2024-08,1800,1800,3600
PF00734,53,2024-09,1800,1800,3600
PF00735,53,2024-10,1800,1800,3600
PF00736,53,2024-11,1800,1800,3600
PF00737,53,2024-12,1800,1800,3600
PF00738,53,2025-01,1800,1800,3600
PF00739,53,2025-02,1800,1800,3600
PF00740,53,2025-03,1800,1800,3600
PF00741,53,2025-04,1800,1800,3600
PF00742,53,2025-05,1800,1800,3600
PF00743,54,2024-04,1800,1800,3600
PF00744,54,2024-05,1800,1800,3600
PF00745,54,2024-06,1800,1800,3600
PF00746,54,2024-07,1800,1800,3600
PF00747,54,2024-08,1800,1800,3600
PF00748,54,2024-09,1800,1800,3600
PF00749,54,2024-10,1800,1800,3600
PF00750,54,2024-11,1800,1800,3600
PF00751,54,2024-12,1800,1800,3600
PF00752,54,2025-01,1800,1800,3600
PF00753,54,2025-02,1800,1800,3600
PF00754,54,2025-03,1800,1800,3600
PF00755,54,2025-04,1800,1800,3600
PF00756,54,2025-05,1800,1800,3600
PF00757,55,2024-04,1800,1800,3600
PF00758,55,2024-05,1800,1800,3600
PF00759,55,2024-06,1800,1800,3600
PF00760,55,2024-07,1800,1800,3600
PF00761,55,2024-08,1800,1800,3600
PF00762,55,2024-09,1800,1800,3600
PF00763,55,2024-10,1800,1800,3600
PF00764,55,2024-11,1800,1800,3600
PF00765,55,2024-12,1800,1800,3600
PF00766,55,2025-01,1800,1800,3600
PF00767,55,2025-02,1800,1800,3600
PF00768,55,2025-03,1800,1800,3600
PF00769,55,2025-04,1800,1800,3600
PF00770,55,2025-05,1800,1800,3600
PF00771,56,2024-04,1800,1800,3600
PF00772,56,2024-05,1800,1800,3600
PF00773,56,2024-06,1800,1800,3600
PF00774,56,2024-07,1800,1800,3600
PF00775,56,2024-08,1800,1800,3600
PF00776,56,2024-09,1800,1800,3600
PF00777,56,2024-10,1800,1800,3600
PF00778,56,2024-11,1800,1800,3600
PF00779,56,2024-12,1800,1800,3600
PF00780,56,2025-01,1800,1800,3600
PF00781,56,2025-02,1800,1800,3600
PF00782,56,2025-03,1800,1800,3600
PF00783,56,2025-04,1800,1800,3600
PF00784,56,2025-05,1800,1800,3600
PF00785,57,2024-04,1800,1800,3600
PF00786,57,2024-05,1800,1800,3600
PF00787,57,2024-06,1800,1800,3600
PF00788,57,2024-07,1800,1800,3600
PF00789,57,2024-08,1800,1800,3600
PF00790,57,2024-09,1800,1800,3600
PF00791,57,2024-10,1800,1800,3600
PF00792,57,2024-11,1800,1800,3600
PF00793,57,2024-12,1800,1800,3600
PF00794,57,2025-01,1800,1800,3600
PF00795,57,2025-02,1800,1800,3600
PF00796,57,2025-03,1800,1800,3600
PF00797,57,2025-04,1800,1800,3600
PF00798,57,2025-05,1800,1800,3600
PF00799,58,2024-04,1800,1800,3600
PF00800,58,2024-05,1800,1800,3600
PF00801,58,2024-06,1800,1800,3600
PF00802,58,2024-07,1800,1800,3600
PF00803,58,2024-08,1800,1800,3600
PF00804,58,2024-09,1800,1800,3600
PF00805,58,2024-10,1800,1800,3600
PF00806,58,2024-11,1800,1800,3600
PF00807,58,2024-12,1800,1800,3600
PF00808,58,2025-01,1800,1800,3600
PF00809,58,2025-02,1800,1800,3600
PF00810,58,2025-03,1800,1800,3600
PF00811,58,2025-04,1800,1800,3600
PF00812,58,2025-05,1800,1800,3600
PF00813,59,2024-04,1800,1800,3600
PF00814,59,2024-05,1800,1800,3600
PF00815,59,2024-06,1800,1800,3600
PF00816,59,2024-07,1800,1800,3600
PF00817,59,2024-08,1800,1800,3600
PF00818,59,2024-09,1800,1800,3600
PF00819,59,2024-10,1800,1800,3600
PF00820,59,2024-11,1800,1800,3600
PF00821,59,2024-12,1800,1800,3600
PF00822,59,2025-01,1800,1800,3600
PF00823,59,2025-02,1800,1800,3600
PF00824,59,2025-03,1800,1800,3600
PF00825,59,2025-04,1800,1800,3600
PF00826,59,2025-05,1800,1800,3600
PF00827,60,2024-04,1800,1800,3600
PF00828,60,2024-05,1800,1800,3600
PF00829,60,2024-06,1800,1800,3600
PF00830,60,2024-07,1800,1800,3600
PF00831,60,2024-08,1800,1800,3600
PF00832,60,2024-09,1800,1800,3600
PF00833,60,2024-10,1800,1800,3600
PF00834,60,2024-11,1800,1800,3600
PF00835,60,2024-12,1800,1800,3600
PF00836,60,2025-01,1800,1800,3600
PF00837,60,2025-02,1800,1800,3600
PF00838,60,2025-03,1800,1800,3600
PF00839,60,2025-04,1800,1800,3600
PF00840,60,2025-05,1800,1800,3600
PF00841,61,2024-04,1800,1800,3600
PF00842,61,2024-05,1800,1800,3600
PF00843,61,2024-06,1800,1800,3600
PF00844,61,2024-07,1800,1800,3600
PF00845,61,2024-08,1800,1800,3600
PF00846,61,2024-09,1800,1800,3600
PF00847,61,2024-10,1800,1800,3600
PF00848,61,2024-11,1800,1800,3600
PF00849,61,2024-12,1800,1800,3600
PF00850,61,2025-01,1800,1800,3600
PF00851,61,2025-02,1800,1800,3600
PF00852,61,2025-03,1800,1800,3600
PF00853,61,2025-04,1800,1800,3600
PF00854,61,2025-05,1800,1800,3600
PF00855,62,2024-04,1800,1800,3600
PF00856,62,2024-05,1800,1800,3600
PF00857,62,2024-06,1800,1800,3600
PF00858,62,2024-07,1800,1800,3600
PF00859,62,2024-08,1800,1800,3600
PF00860,62,2024-09,1800,1800,3600
PF00861,62,2024-10,1800,1800,3600
PF00862,62,2024-11,1800,1800,3600
PF00863,62,2024-12,1800,1800,3600
PF00864,62,2025-01,1800,1800,3600
PF00865,62,2025-02,1800,1800,3600
PF00866,62,2025-03,1800,1800,3600
PF00867,62,2025-04,1800,1800,3600
PF00868,62,2025-05,1800,1800,3600
PF00869,63,2024-04,1800,1800,3600
PF00870,63,2024-05,1800,1800,3600
PF00871,63,2024-06,1800,1800,3600
PF00872,63,2024-07,1800,1800,3600
PF00873,63,2024-08,1800,1800,3600
PF00874,63,2024-09,1800,1800,3600
PF00875,63,2024-10,1800,1800,3600
PF00876,63,2024-11,1800,1800,3600
PF00877,63,2024-12,1800,1800,3600
PF00878,63,2025-01,1800,1800,3600
PF00879,63,2025-02,1800,1800,3600
PF00880,63,2025-03,1800,1800,3600
PF00881,63,2025-04,1800,1800,3600
PF00882,63,2025-05,1800,1800,3600
PF00883,64,2024-04,1800,1800,3600
PF00884,64,2024-05,1800,1800,3600
PF00885,64,2024-06,1800,1800,3600
PF00886,64,2024-07,1800,1800,3600
PF00887,64,2024-08,1800,1800,3600
PF00888,64,2024-09,1800,1800,3600
PF00889,64,2024-10,1800,1800,3600
PF00890,64,2024-11,1800,1800,3600
PF00891,64,2024-12,1800,1800,3600
PF00892,64,2025-01,1800,1800,3600
PF00893,64,2025-02,1800,1800,3600
PF00894,64,2025-03,1800,1800,3600
PF00895,64,2025-04,1800,1800,3600
PF00896,64,2025-05,1800,1800,3600
PF00897,65,2024-04,1800,1800,3600
PF00898,65,2024-05,1800,1800,3600
PF00899,65,2024-06,1800,1800,3600
PF00900,65,2024-07,1800,1800,3600
PF00901,65,2024-08,1800,1800,3600
PF00902,65,2024-09,1800,1800,3600
PF00903,65,2024-10,1800,1800,3600
PF00904,65,2024-11,1800,1800,3600
PF00905,65,2024-12,1800,1800,3600
PF00906,65,2025-01,1800,1800,3600
PF00907,65,2025-02,1800,1800,3600
PF00908,65,2025-03,1800,1800,3600
PF00909,65,2025-04,1800,1800,3600
PF00910,65,2025-05,1800,1800,3600
PF00911,66,2024-04,1800,1800,3600
PF00912,66,2024-05,1800,1800,3600
PF00913,66,2024-06,1800,1800,3600
PF00914,66,2024-07,1800,1800,3600
PF00915,66,2024-08,1800,1800,3600
PF00916,66,2024-09,1800,1800,3600
PF00917,66,2024-10,1800,1800,3600
PF00918,66,2024-11,1800,1800,3600
PF00919,66,2024-12,1800,1800,3600
PF00920,66,2025-01,1800,1800,3600
PF00921,66,2025-02,1800,1800,3600
PF00922,66,2025-03,1800,1800,3600
PF00923,66,2025-04,1800,1800,3600
PF00924,66,2025-05,1800,1800,3600
PF00925,67,2024-04,1800,1800,3600
PF00926,67,2024-05,1800,1800,3600
PF00927,67,2024-06,1800,1800,3600
PF00928,67,2024-07,1800,1800,3600
PF00929,67,2024-08,1800,1800,3600
PF00930,67,2024-09,1800,1800,3600
PF00931,67,2024-10,1800,1800,3600
PF00932,67,2024-11,1800,1800,3600
PF00933,67,2024-12,1800,1800,3600
PF00934,67,2025-01,1800,1800,3600
PF00935,67,2025-02,1800,1800,3600
PF00936,67,2025-03,1800,1800,3600
PF00937,67,2025-04,1800,1800,3600
PF00938,67,2025-05,1800,1800,3600
PF00939,68,2024-04,1800,1800,3600
PF00940,68,2024-05,1800,1800,3600
PF00941,68,2024-06,1800,1800,3600
PF00942,68,2024-07,1800,1800,3600
PF00943,68,2024-08,1800,1800,3600
PF00944,68,2024-09,1800,1800,3600
PF00945,68,2024-10,1800,1800,3600
PF00946,68,2024-11,1800,1800,3600
PF00947,68,2024-12,1800,1800,3600
PF00948,68,2025-01,1800,1800,3600
PF00949,68,2025-02,1800,1800,3600
PF00950,68,2025-03,1800,1800,3600
PF00951,68,2025-04,1800,1800,3600
PF00952,68,2025-05,1800,1800,3600
PF00953,69,2024-04,1800,1800,3600
PF00954,69,2024-05,1800,1800,3600
PF00955,69,2024-06,1800,1800,3600
PF00956,69,2024-07,1800,1800,3600
PF00957,69,2024-08,1800,1800,3600
PF00958,69,2024-09,1800,1800,3600
PF00959,69,2024-10,1800,1800,3600
PF00960,69,2024-11,1800,1800,3600
PF00961,69,2024-12,1800,1800,3600
PF00962,69,2025-01,1800,1800,3600
PF00963,69,2025-02,1800,1800,3600
PF00964,69,2025-03,1800,1800,3600
PF00965,69,2025-04,1800,1800,3600
PF00966,69,2025-05,1800,1800,3600
PF00967,70,2024-04,1800,1800,3600
PF00968,70,2024-05,1800,1800,3600
PF00969,70,2024-06,1800,1800,3600
PF00970,70,2024-07,1800,1800,3600
PF00971,70,2024-08,1800,1800,3600
PF00972,70,2024-09,1800,1800,3600
PF00973,70,2024-10,1800,1800,3600
PF00974,70,2024-11,1800,1800,3600
PF00975,70,2024-12,1800,1800,3600
PF00976,70,2025-01,1800,1800,3600
PF00977,70,2025-02,1800,1800,3600
PF00978,70,2025-03,1800,1800,3600
PF00979,70,2025-04,1800,1800,3600
PF00980,70,2025-05,1800,1800,3600
PF00981,71,2024-04,1800,1800,3600
PF00982,71,2024-05,1800,1800,3600
PF00983,71,2024-06,1800,1800,3600
PF00984,71,2024-07,1800,1800,3600
PF00985,71,2024-08,1800,1800,3600
PF00986,71,2024-09,1800,1800,3600
PF00987,71,2024-10,1800,1800,3600
PF00988,71,2024-11,1800,1800,3600
PF00989,71,2024-12,1800,1800,3600
PF00990,71,2025-01,1800,1800,3600
PF00991,71,2025-02,1800,1800,3600
PF00992,71,2025-03,1800,1800,3600
PF00993,71,2025-04,1800,1800,3600
PF00994,71,2025-05,1800,1800,3600
PF00995,72,2024-04,1800,1800,3600
PF00996,72,2024-05,1800,1800,3600
PF00997,72,2024-06,1800,1800,3600
PF00998,72,2024-07,1800,1800,3600
PF00999,72,2024-08,1800,1800,3600
PF01000,72,2024-09,1800,1800,3600
PF01001,72,2024-10,1800,1800,3600
PF01002,72,2024-11,1800,1800,3600
PF01003,72,2024-12,1800,1800,3600
PF01004,72,2025-01,1800,1800,3600
PF01005,72,2025-02,1800,1800,3600
PF01006,72,2025-03,1800,1800,3600
PF01007,72,2025-04,1800,1800,3600
PF01008,72,2025-05,1800,1800,3600
PF01009,73,2024-04,1800,1800,3600
PF01010,73,2024-05,1800,1800,3600
PF01011,73,2024-06,1800,1800,3600
PF01012,73,2024-07,1800,1800,3600
PF01013,73,2024-08,1800,1800,3600
PF01014,73,2024-09,1800,1800,3600
PF01015,73,2024-10,1800,1800,3600
PF01016,73,2024-11,1800,1800,3600
PF01017,73,2024-12,1800,1800,3600
PF01018,73,2025-01,1800,1800,3600
PF01019,73,2025-02,1800,1800,3600
PF01020,73,2025-03,1800,1800,3600
PF01021,73,2025-04,1800,1800,3600
PF01022,73,2025-05,1800,1800,3600
PF01023,74,2024-04,1800,1800,3600
PF01024,74,2024-05,1800,1800,3600
PF01025,74,2024-06,1800,1800,3600
PF01026,74,2024-07,1800,1800,3600
PF01027,74,2024-08,1800,1800,3600
PF01028,74,2024-09,1800,1800,3600
PF01029,74,2024-10,1800,1800,3600
PF01030,74,2024-11,1800,1800,3600
PF01031,74,2024-12,1800,1800,3600
PF01032,74,2025-01,1800,1800,3600
PF01033,74,2025-02,1800,1800,3600
PF01034,74,2025-03,1800,1800,3600
PF01035,74,2025-04,1800,1800,3600
PF01036,74,2025-05,1800,1800,3600
PF01037,75,2024-04,1800,1800,3600
PF01038,75,2024-05,1800,1800,3600
PF01039,75,2024-06,1800,1800,3600
PF01040,75,2024-07,1800,1800,3600
PF01041,75,2024-08,1800,1800,3600
PF01042,75,2024-09,1800,1800,3600
PF01043,75,2024-10,1800,1800,3600
PF01044,75,2024-11,1800,1800,3600
PF01045,75,2024-12,1800,1800,3600
PF01046,75,2025-01,1800,1800,3600
PF01047,75,2025-02,1800,1800,3600
PF01048,75,2025-03,1800,1800,3600
PF01049,75,2025-04,1800,1800,3600
PF01050,75,2025-05,1800,1800,3600
PF01051,76,2024-04,1800,1800,3600
PF01052,76,2024-05,1800,1800,3600
PF01053,76,2024-06,1800,1800,3600
PF01054,76,2024-07,1800,1800,3600
PF01055,76,2024-08,1800,1800,3600
PF01056,76,2024-09,1800,1800,3600
PF01057,76,2024-10,1800,1800,3600
PF01058,76,2024-11,1800,1800,3600
PF01059,76,2024-12,1800,1800,3600
PF01060,76,2025-01,1800,1800,3600
PF01061,76,2025-02,1800,1800,3600
PF01062,76,2025-03,1800,1800,3600
PF01063,76,2025-04,1800,1800,3600
PF01064,76,2025-05,1800,1800,3600
PF01065,77,2024-04,1800,1800,3600
PF01066,77,2024-05,1800,1800,3600
PF01067,77,2024-06,1800,1800,3600
PF01068,77,2024-07,1800,1800,3600
PF01069,77,2024-08,1800,1800,3600
PF01070,77,2024-09,1800,1800,3600
PF01071,77,2024-10,1800,1800,3600
PF01072,77,2024-11,1800,1800,3600
PF01073,77,2024-12,1800,1800,3600
PF01074,77,2025-01,1800,1800,3600
PF01075,77,2025-02,1800,1800,3600
PF01076,77,2025-03,1800,1800,3600
PF01077,77,2025-04,1800,1800,3600
PF01078,77,2025-05,1800,1800,3600
PF01079,78,2024-04,1800,1800,3600
PF01080,78,2024-05,1800,1800,3600
PF01081,78,2024-06,1800,1800,3600
PF01082,78,2024-07,1800,1800,3600
PF01083,78,2024-08,1800,1800,3600
PF01084,78,2024-09,1800,1800,3600
PF01085,78,2024-10,1800,1800,3600
PF01086,78,2024-11,1800,1800,3600
PF01087,78,2024-12,1800,1800,3600
PF01088,78,2025-01,1800,1800,3600
PF01089,78,2025-02,1800,1800,3600
PF01090,78,2025-03,1800,1800,3600
PF01091,78,2025-04,1800,1800,3600
PF01092,78,2025-05,1800,1800,3600
PF01093,79,2024-04,1800,1800,3600
PF01094,79,2024-05,1800,1800,3600
PF01095,79,2024-06,1800,1800,3600
PF01096,79,2024-07,1800,1800,3600
PF01097,79,2024-08,1800,1800,3600
PF01098,79,2024-09,1800,1800,3600
PF01099,79,2024-10,1800,1800,3600
PF01100,79,2024-11,1800,1800,3600
PF01101,79,2024-12,1800,1800,3600
PF01102,79,2025-01,1800,1800,3600
PF01103,79,2025-02,1800,1800,3600
PF01104,79,2025-03,1800,1800,3600
PF01105,79,2025-04,1800,1800,3600
PF01106,79,2025-05,1800,1800,3600
PF01107,80,2024-04,1800,1800,3600
PF01108,80,2024-05,1800,1800,3600
PF01109,80,2024-06,1800,1800,3600
PF01110,80,2024-07,1800,1800,3600
PF01111,80,2024-08,1800,1800,3600
PF01112,80,2024-09,1800,1800,3600
PF01113,80,2024-10,1800,1800,3600
PF01114,80,2024-11,1800,1800,3600
PF01115,80,2024-12,1800,1800,3600
PF01116,80,2025-01,1800,1800,3600
PF01117,80,2025-02,1800,1800,3600
PF01118,80,2025-03,1800,1800,3600
PF01119,80,2025-04,1800,1800,3600
PF01120,80,2025-05,1800,1800,3600
PF01121,81,2024-04,1800,1800,3600
PF01122,81,2024-05,1800,1800,3600
PF01123,81,2024-06,1800,1800,3600
PF01124,81,2024-07,1800,1800,3600
PF01125,81,2024-08,1800,1800,3600
PF01126,81,2024-09,1800,1800,3600
PF01127,81,2024-10,1800,1800,3600
PF01128,81,2024-11,1800,1800,3600
PF01129,81,2024-12,1800,1800,3600
PF01130,81,2025-01,1800,1800,3600
PF01131,81,2025-02,1800,1800,3600
PF01132,81,2025-03,1800,1800,3600
PF01133,81,2025-04,1800,1800,3600
PF01134,81,2025-05,1800,1800,3600
PF01135,82,2024-04,1800,1800,3600
PF01136,82,2024-05,1800,1800,3600
PF01137,82,2024-06,1800,1800,3600
PF01138,82,2024-07,1800,1800,3600
PF01139,82,2024-08,1800,1800,3600
PF01140,82,2024-09,1800,1800,3600
PF01141,82,2024-10,1800,1800,3600
PF01142,82,2024-11,1800,1800,3600
PF01143,82,2024-12,1800,1800,3600
PF01144,82,2025-01,1800,1800,3600
PF01145,82,2025-02,1800,1800,3600
PF01146,82,2025-03,1800,1800,3600
PF01147,82,2025-04,1800,1800,3600
PF01148,82,2025-05,1800,1800,3600
PF01149,83,2024-04,1800,1800,3600
PF01150,83,2024-05,1800,1800,3600
PF01151,83,2024-06,1800,1800,3600
PF01152,83,2024-07,1800,1800,3600
PF01153,83,2024-08,1800,1800,3600
PF01154,83,2024-09,1800,1800,3600
PF01155,83,2024-10,1800,1800,3600
PF01156,83,2024-11,1800,1800,3600
PF01157,83,2024-12,1800,1800,3600
PF01158,83,2025-01,1800,1800,3600
PF01159,83,2025-02,1800,1800,3600
PF01160,83,2025-03,1800,1800,3600
PF01161,83,2025-04,1800,1800,3600
PF01162,83,2025-05,1800,1800,3600
PF01163,84,2024-04,1800,1800,3600
PF01164,84,2024-05,1800,1800,3600
PF01165,84,2024-06,1800,1800,3600
PF01166,84,2024-07,1800,1800,3600
PF01167,84,2024-08,1800,1800,3600
PF01168,84,2024-09,1800,1800,3600
PF01169,84,2024-10,1800,1800,3600
PF01170,84,2024-11,1800,1800,3600
PF01171,84,2024-12,1800,1800,3600
PF01172,84,2025-01,1800,1800,3600
PF01173,84,2025-02,1800,1800,3600
PF01174,84,2025-03,1800,1800,3600
PF01175,84,2025-04,1800,1800,3600
PF01176,84,2025-05,1800,1800,3600
PF01177,85,2024-04,1800,1800,3600
PF01178,85,2024-05,1800,1800,3600
PF01179,85,2024-06,1800,1800,3600
PF01180,85,2024-07,1800,1800,3600
PF01181,85,2024-08,1800,1800,3600
PF01182,85,2024-09,1800,1800,3600
PF01183,85,2024-10,1800,1800,3600
PF01184,85,2024-11,1800,1800,3600
PF01185,85,2024-12,1800,1800,3600
PF01186,85,2025-01,1800,1800,3600
PF01187,85,2025-02,1800,1800,3600
PF01188,85,2025-03,1800,1800,3600
PF01189,85,2025-04,1800,1800,3600
PF01190,85,2025-05,1800,1800,3600
PF01191,86,2024-04,1800,1800,3600
PF01192,86,2024-05,1800,1800,3600
PF01193,86,2024-06,1800,1800,3600
PF01194,86,2024-07,1800,1800,3600
PF01195,86,2024-08,1800,1800,3600
PF01196,86,2024-09,1800,1800,3600
PF01197,86,2024-10,1800,1800,3600
PF01198,86,2024-11,1800,1800,3600
PF01199,86,2024-12,1800,1800,3600
PF01200,86,2025-01,1800,1800,3600
PF01201,86,2025-02,1800,1800,3600
PF01202,86,2025-03,1800,1800,3600
PF01203,86,2025-04,1800,1800,3600
PF01204,86,2025-05,1800,1800,3600
PF01205,87,2024-04,1800,1800,3600
PF01206,87,2024-05,1800,1800,3600
PF01207,87,2024-06,1800,1800,3600
PF01208,87,2024-07,1800,1800,3600
PF01209,87,2024-08,1800,1800,3600
PF01210,87,2024-09,1800,1800,3600
PF01211,87,2024-10,1800,1800,3600
PF01212,87,2024-11,1800,1800,3600
PF01213,87,2024-12,1800,1800,3600
PF01214,87,2025-01,1800,1800,3600
PF01215,87,2025-02,1800,1800,3600
PF01216,87,2025-03,1800,1800,3600
PF01217,87,2025-04,1800,1800,3600
PF01218,87,2025-05,1800,1800,3600
PF01219,88,2024-04,1800,1800,3600
PF01220,88,2024-05,1800,1800,3600
PF01221,88,2024-06,1800,1800,3600
PF01222,88,2024-07,1800,1800,3600
PF01223,88,2024-08,1800,1800,3600
PF01224,88,2024-09,1800,1800,3600
PF01225,88,2024-10,1800,1800,3600
PF01226,88,2024-11,1800,1800,3600
PF01227,88,2024-12,1800,1800,3600
PF01228,88,2025-01,1800,1800,3600
PF01229,88,2025-02,1800,1800,3600
PF01230,88,2025-03,1800,1800,3600
PF01231,88,2025-04,1800,1800,3600
PF01232,88,2025-05,1800,1800,3600
PF01233,89,2024-04,1800,1800,3600
PF01234,89,2024-05,1800,1800,3600
PF01235,89,2024-06,1800,1800,3600
PF01236,89,2024-07,1800,1800,3600
PF01237,89,2024-08,1800,1800,3600
PF01238,89,2024-09,1800,1800,3600
PF01239,89,2024-10,1800,1800,3600
PF01240,89,2024-11,1800,1800,3600
PF01241,89,2024-12,1800,1800,3600
PF01242,89,2025-01,1800,1800,3600
PF01243,89,2025-02,1800,1800,3600
PF01244,89,2025-03,1800,1800,3600
PF01245,89,2025-04,1800,1800,3600
PF01246,89,2025-05,1800,1800,3600
PF01247,90,2024-04,1800,1800,3600
PF01248,90,2024-05,1800,1800,3600
PF01249,90,2024-06,1800,1800,3600
PF01250,90,2024-07,1800,1800,3600
PF01251,90,2024-08,1800,1800,3600
PF01252,90,2024-09,1800,1800,3600
PF01253,90,2024-10,1800,1800,3600
PF01254,90,2024-11,1800,1800,3600
PF01255,90,2024-12,1800,1800,3600
PF01256,90,2025-01,1800,1800,3600
PF01257,90,2025-02,1800,1800,3600
PF01258,90,2025-03,1800,1800,3600
PF01259,90,2025-04,1800,1800,3600
PF01260,90,2025-05,1800,1800,3600
PF01261,91,2024-04,1800,1800,3600
PF01262,91,2024-05,1800,1800,3600
PF01263,91,2024-06,1800,1800,3600
PF01264,91,2024-07,1800,1800,3600
PF01265,91,2024-08,1800,1800,3600
PF01266,91,2024-09,1800,1800,3600
PF01267,91,2024-10,1800,1800,3600
PF01268,91,2024-11,1800,1800,3600
PF01269,91,2024-12,1800,1800,3600
PF01270,91,2025-01,1800,1800,3600
PF01271,91,2025-02,1800,1800,3600
PF01272,91,2025-03,1800,1800,3600
PF01273,91,2025-04,1800,1800,3600
PF01274,91,2025-05,1800,1800,3600
PF01275,92,2024-04,1800,1800,3600
PF01276,92,2024-05,1800,1800,3600
PF01277,92,2024-06,1800,1800,3600
PF01278,92,2024-07,1800,1800,3600
PF01279,92,2024-08,1800,1800,3600
PF01280,92,2024-09,1800,1800,3600
PF01281,92,2024-10,1800,1800,3600
PF01282,92,2024-11,1800,1800,3600
PF01283,92,2024-12,1800,1800,3600
PF01284,92,2025-01,1800,1800,3600
PF01285,92,2025-02,1800,1800,3600
PF01286,92,2025-03,1800,1800,3600
PF01287,92,2025-04,1800,1800,3600
PF01288,92,2025-05,1800,1800,3600
PF01289,93,2024-04,1800,1800,3600
PF01290,93,2024-05,1800,1800,3600
PF01291,93,2024-06,1800,1800,3600
PF01292,93,2024-07,1800,1800,3600
PF01293,93,2024-08,1800,1800,3600
PF01294,93,2024-09,1800,1800,3600
PF01295,93,2024-10,1800,1800,3600
PF01296,93,2024-11,1800,1800,3600
PF01297,93,2024-12,1800,1800,3600
PF01298,93,2025-01,1800,1800,3600
PF01299,93,2025-02,1800,1800,3600
PF01300,93,2025-03,1800,1800,3600
PF01301,93,2025-04,1800,1800,3600
PF01302,93,2025-05,1800,1800,3600
PF01303,94,2024-04,1800,1800,3600
PF01304,94,2024-05,1800,1800,3600
PF01305,94,2024-06,1800,1800,3600
PF01306,94,2024-07,1800,1800,3600
PF01307,94,2024-08,1800,1800,3600
PF01308,94,2024-09,1800,1800,3600
PF01309,94,2024-10,1800,1800,3600
PF01310,94,2024-11,1800,1800,3600
PF01311,94,2024-12,1800,1800,3600
PF01312,94,2025-01,1800,1800,3600
PF01313,94,2025-02,1800,1800,3600
PF01314,94,2025-03,1800,1800,3600
PF01315,94,2025-04,1800,1800,3600
PF01316,94,2025-05,1800,1800,3600
PF01317,95,2024-04,1800,1800,3600
PF01318,95,2024-05,1800,1800,3600
PF01319,95,2024-06,1800,1800,3600
PF01320,95,2024-07,1800,1800,3600
PF01321,95,2024-08,1800,1800,3600
PF01322,95,2024-09,1800,1800,3600
PF01323,95,2024-10,1800,1800,3600
PF01324,95,2024-11,1800,1800,3600
PF01325,95,2024-12,1800,1800,3600
PF01326,95,2025-01,1800,1800,3600
PF01327,95,2025-02,1800,1800,3600
PF01328,95,2025-03,1800,1800,3600
PF01329,95,2025-04,1800,1800,3600
PF01330,95,2025-05,1800,1800,3600
PF01331,96,2024-04,1800,1800,3600
PF01332,96,2024-05,1800,1800,3600
PF01333,96,2024-06,1800,1800,3600
PF01334,96,2024-07,1800,1800,3600
PF01335,96,2024-08,1800,1800,3600
PF01336,96,2024-09,1800,1800,3600
PF01337,96,2024-10,1800,1800,3600
PF01338,96,2024-11,1800,1800,3600
PF01339,96,2024-12,1800,1800,3600
PF01340,96,2025-01,1800,1800,3600
PF01341,96,2025-02,1800,1800,3600
PF01342,96,2025-03,1800,1800,3600
PF01343,96,2025-04,1800,1800,3600
PF01344,96,2025-05,1800,1800,3600
PF01345,97,2024-04,1800,1800,3600
PF01346,97,2024-05,1800,1800,3600
PF01347,97,2024-06,1800,1800,3600
PF01348,97,2024-07,1800,1800,3600
PF01349,97,2024-08,1800,1800,3600
PF01350,97,2024-09,1800,1800,3600
PF01351,97,2024-10,1800,1800,3600
PF01352,97,2024-11,1800,1800,3600
PF01353,97,2024-12,1800,1800,3600
PF01354,97,2025-01,1800,1800,3600
PF01355,97,2025-02,1800,1800,3600
PF01356,97,2025-03,1800,1800,3600
PF01357,97,2025-04,1800,1800,3600
PF01358,97,2025-05,1800,1800,3600
PF01359,98,2024-04,1800,1800,3600
PF01360,98,2024-05,1800,1800,3600
PF01361,98,2024-06,1800,1800,3600
PF01362,98,2024-07,1800,1800,3600
PF01363,98,2024-08,1800,1800,3600
PF01364,98,2024-09,1800,1800,3600
PF01365,98,2024-10,1800,1800,3600
PF01366,98,2024-11,1800,1800,3600
PF01367,98,2024-12,1800,1800,3600
PF01368,98,2025-01,1800,1800,3600
PF01369,98,2025-02,1800,1800,3600
PF01370,98,2025-03,1800,1800,3600
PF01371,98,2025-04,1800,1800,3600
PF01372,98,2025-05,1800,1800,3600
PF01373,99,2024-04,1800,1800,3600
PF01374,99,2024-05,1800,1800,3600
PF01375,99,2024-06,1800,1800,3600
PF01376,99,2024-07,1800,1800,3600
PF01377,99,2024-08,1800,1800,3600
PF01378,99,2024-09,1800,1800,3600
PF01379,99,2024-10,1800,1800,3600
PF01380,99,2024-11,1800,1800,3600
PF01381,99,2024-12,1800,1800,3600
PF01382,99,2025-01,1800,1800,3600
PF01383,99,2025-02,1800,1800,3600
PF01384,99,2025-03,1800,1800,3600
PF01385,99,2025-04,1800,1800,3600
PF01386,99,2025-05,1800,1800,3600
PF01387,100,2024-04,1800,1800,3600
PF01388,100,2024-05,1800,1800,3600
PF01389,100,2024-06,1800,1800,3600
PF01390,100,2024-07,1800,1800,3600
PF01391,100,2024-08,1800,1800,3600
PF01392,100,2024-09,1800,1800,3600
PF01393,100,2024-10,1800,1800,3600
PF01394,100,2024-11,1800,1800,3600
PF01395,100,2024-12,1800,1800,3600
PF01396,100,2025-01,1800,1800,3600
PF01397,100,2025-02,1800,1800,3600
PF01398,100,2025-03,1800,1800,3600
PF01399,100,2025-04,1800,1800,3600
PF01400,100,2025-05,1800,1800,3600
